domain,canonical_item_id,n_products,titles,stratum,is_correct,note
game,g_4997b902ac,2,Hellpoint - Nintendo Switch Standard Edition || Hellpoint - PlayStation 4 Standard Edition,merged,1,
game,g_719fa5ce64,3,Maid of Sker - Xbox One || Maid of Sker - PlayStation 4 || Maid Of Sker (PS4),merged,1,
game,g_ee08a04982,3,Tomodachi Life || Tomodachi Life - Nintendo 3DS || Tomodachi Life - 3DS [Digital Code],merged,1,
game,g_ab72936d4d,3,DYNASTY WARRIORS 8 Empires - Xbox One || Dynasty Warriors 8 Empires - PS3 [Digital Code] || DYNASTY WARRIORS 8 Empires - PlayStation 4,merged,1,
game,g_85ce7f6837,4,Karaoke Revolution Presents: American Idol Encore BUNDLE - PlayStation 2 || Karaoke Revolution Presents: American Idol Encore || Karaoke Revolution Presents: American Idol Encore - PlayStation 2 || Wii Karaoke Revolution Presents: American Idol Encore,merged,1,
game,g_883454991c,3,Amazing Adventures: The Caribbean Secret || Amazing Adventures: The Caribbean Secret - PC || Amazing Adventures: The Caribbean Secret - PC,merged,1,
game,g_7acffbd9ec,2,Street Fighter Alpha: Warriors' Dreams || Street Fighter Alpha: Warriors' Dreams,merged,1,
game,g_de7c9e8a70,3,Silent Hill 3 [Japan Import] || SILENT HILL 3 PC DVD || Silent Hill 3 - PC,merged,1,
game,g_cb37177d5b,4,Total Annihilation [Online Game Code] || Total Annihilation - PC || Total Annihilation Gold (Mac) || Total Annihilation [Download],merged,1,
game,g_eee9895a5c,11,Frogger (Jewel Case) - PC || Frogger || Frogger || Frogger || Frogger || Frogger (Jewel Case) - PC || Frogger || Frogger (Jewel Case) - PC,merged,0,different Frogger releases share a generic title
game,g_fcd601f2b9,2,Final Fantasy X || Final Fantasy X,merged,1,
game,g_36e0961f4c,4,Aliens vs. Predator - PC || Aliens Vs. Predator || Aliens Vs. Predator || Aliens vs. Predator Collection [Online Game Code],merged,0,Aliens vs. Predator 1999 and 2010 are different games
game,g_4191f842bb,2,Nintendo Pokemon Go Plus || Nintendo Pokemon Go Plus,merged,1,"same entity, but a Pokemon GO Plus accessory leaked into games"
game,g_1e357967b0,3,LEGO Lord of the Rings - Nintendo 3DS || LEGO Lord of the Rings - Playstation 3 || LEGO Lord of the Rings - Nintendo Wii (Renewed),merged,1,
game,g_7a4ad08b76,7,Brunswick Pro Bowling - PS4 [Digital Code] || Brunswick Pro Bowling - Nintendo Wii || Brunswick Pro Bowling - PlayStation 4 || Brunswick Pro Bowling - Xbox One || Brunswick Pro Bowling || Brunswick Pro Bowling - Nintendo 3DS || Brunswick Pro Bowling - Wii U,merged,1,
game,g_d9110a8c23,2,Sparkster || Sparkster - Sega Genesis,merged,0,SNES and Genesis Sparkster are different games
game,g_748c9d02f2,2,Six Flags Fun Park - Nintendo Wii || Six Flags Fun Park - Nintendo DS,merged,1,
game,g_1da51880bf,2,Skyrim Anniversary Edition - Xbox One || Skyrim - Special Edition - Xbox One [Digital Code],merged,1,
game,g_def3c2081d,3,Adventure Time Pirates of the Enchiridion (Nintendo Switch) || Adventure Time: Pirates of the Enchiridion - Xbox One Edition || Adventure Time Pirates of The Enchiridion (PS4),merged,1,
game,g_77b1bf2b54,2,Killzone Mercenary (PlayStation Vita) || Killzone: Mercenary - PS Vita [Digital Code],merged,1,
game,g_be1d5c7794,2,Illusion of Gaia || Illusion of Gaia,merged,1,
game,g_756e17fb87,2,Nintendo Selects: Lego City Undercover: The Chase Begins - Nintendo 3DS || Nintendo Selects: Lego City Undercover: The Chase Begins - 3DS [Digital Code],merged,1,
game,g_908d5d396c,9,Ratchet and Clank (PS4) - PlayStation Hits (PS4) || Ratchet & Clank Hits - PlayStation 4 || Ratchet & Clank - Playstation 4 (PS4) || Ratchet & Clank Collection || Ratchet & Clank: Collection - PS3 [Digital Code] || Ratchet & Clank - PlayStation 2 (Renewed) || Ratchet and Clank (PS4) || Ratchet & Clank - PS4 [Digital Code],merged,0,"Ratchet & Clank PS2 original, PS4 remake and PS3 trilogy merged"
game,g_70f9f85822,2,Myst: Masterpiece Edition - PC || Myst: Masterpiece Edition,merged,1,
game,g_0207eaa20f,2,Deadtime Stories [Download] || Deadtime Stories - PC,merged,1,
game,g_395cde8e5f,1,A Way Out – PC Origin [Online Game Code],singleton,1,
game,g_f8899d30a2,1,Xbox 360 250GB Halo Reach Console Bundle,singleton,0,hardware: console bundle
game,g_4b6d91995e,1,True Legends: The Unholy See: The Vatican Knows All The Secrets,singleton,1,
game,g_500e567bec,1,Knockout Home Fitness - Nintendo Switch,singleton,1,
game,g_4375e69052,1,Ninja Assault with Guncon2,singleton,1,
game,g_eb13327c12,1,Call of Duty Ghosts Season Pass Card - Playstation 4 & Playstation 3,singleton,0,add-on: season pass card (blocked at serving)
game,g_0cdec3d801,1,FIFA Soccer 2006 - PC,singleton,1,
game,g_616ae7d929,1,Dynasty Warriors 5 - Xbox,singleton,1,
game,g_d5f29972af,1,Dragon Quest Monsters: Joker 2 - Nintendo DS,singleton,1,
game,g_3a348f22aa,1,Guilty Gear XX Accent Core Plus - Nintendo Wii,singleton,1,
game,g_7b92100a5e,1,SNK NEOGEO Mini Samurai Shodown Limited Edition Bundle: Ukyo Tachibana,singleton,0,hardware: NEOGEO Mini console
game,g_22899a2e1b,1,Teenage Mutant Ninja Turtles: Smash Up,singleton,1,
game,g_ad1b5033bd,1,Socom US Navy Seals: Confrontation,singleton,1,
game,g_c49a758f72,1,MotoGP 08 - PlayStation 2,singleton,1,
game,g_036ecb8155,1,Crash Bandicoot: The Huge Adventure,singleton,1,
game,g_5173ee6281,1,Tony Hawk's Project 8 - Sony PSP,singleton,1,
game,g_33cbd4e226,1,Darkest Dungeon: Collector's Edition Console - Nintendo Switch,singleton,1,
game,g_18c6f574e3,1,Build N Race - Nintendo Wii,singleton,1,
game,g_52a9988dbb,1,Dynasty Tactics PS2,singleton,1,
game,g_ddef70c89c,1,World Soccer Winning Eleven 8 - Xbox,singleton,1,
game,g_bf42df4e7c,1,Murder in Venice - Nintendo DS,singleton,1,
game,g_f9cfaad618,1,The Lord of the Rings Online: Quad Pack [Download],singleton,1,
game,g_9d847972b2,1,American Conquest - PC,singleton,1,
game,g_fac23cffa2,1,Earth Defense Force 2025 - Playstation 3,singleton,1,
game,g_b001b84ffa,1,PS3 Street Fighter IV Round 2 Arcade FightStick Tournament Edition,singleton,0,hardware: arcade fightstick
movie,m_40ec8fa3b1,2,Leslie Sansone: Walk to the Hits Radio Remixes || Leslie Sansone: Walk To The Hits Radio Remixes,merged,1,
movie,m_55b4056e94,5,Dr. Seuss' The Lorax (Blu-ray) (2012) || Dr. Seuss' The Lorax [DVD] || Dr. Seuss' The Lorax || Dr. Seuss' The Lorax (Blu-ray + DVD + Digital Copy + UltraViolet) || Dr. Seuss' The Lorax [Blu-ray],merged,1,
movie,m_3fdfc42929,2,IMAX: Rocky Mountain Express [4K UHD] || IMAX: Rocky Mountain Express,merged,1,
movie,m_a899c14bfa,4,Hunter Killer (Blu-ray) || Hunter Killer [Blu-ray] || Hunter Killer [4K UHD] || Hunter Killer,merged,1,
movie,m_e7e3e5865f,4,Pathology : Widescreen Edition || Pathology || Pathology || Pathology,merged,1,
movie,m_20881440ef,6,The Woman in Black || The Woman in Black || The Woman in Black [Blu-ray] || The Woman in Black || Woman in Black || Woman in Black VHS,merged,0,2012 film and 1989 TV film merged
movie,m_2e6bff94c2,5,The Old Man and the Sea || The Old Man and the Sea [DVD] || The Old Man and the Sea (Animated IMAX) || Old Man & The Sea VHS || The Old Man and the Sea,merged,0,"1958 film, 1990 TV film and 1999 IMAX short merged"
movie,m_3e5fbb5167,6,Grand Hotel (1932) || Grand Hotel (BD) [Blu-ray] || Grand Hotel (Snap case) || Grand Hotel [VHS] || Grand Hotel || Grand Hotel,merged,1,
movie,m_3cc6b7e90a,2,Dysfunctional Friends || Dysfunctional Friends,merged,1,
movie,m_74b786265b,2,Crowley [Blu-ray] || Crowley,merged,1,
movie,m_5c3cae7cc9,7,M || M (The Criterion Collection) [DVD] || M (The Criterion Collection) || M (The Criterion Collection) [Blu-ray] || M [VHS] || M || M,merged,1,
movie,m_835142f543,16,Gulliver's Travels || Gulliver's Travels [VHS] || Gulliver's Travels (Edited) || Gulliver's Travels || Gulliver's Travels (60th Anniversary Edition) || Gulliver's Travels ( 60th Anniversary Limited Edition) [DVD] || Gulliver's Travels (Widescreen Special Edition) || Gulliver's Travels (Blu-ray/DVD + Digital Copy),merged,0,"1939 animation, 1996 miniseries and 2010 film merged"
movie,m_a282206bd8,10,The Midnight Special || Midnight [Blu-ray] || Midnight Special (BD) || Midnight || The Midnight Special (6DVD) (Amaray) || Midnight (Universal Cinema Classics) || The Midnight Special (3DVD) || Midnight Limited,merged,0,BUG: 'special'/'limited' stripped -> Midnight Special == Midnight
movie,m_d0c27e37ce,10,Family Ties || Family Ties || Family Ties: Season 2 || Family Ties || Family Ties: Season 1 || Family Ties: Season 6 || Family Ties: Season 5 || Family Ties: Season 3,merged,1,
movie,m_84e06b5957,4,"Snooki & Jwoww || Snooki & JWoww, Season 3 || Snooki & JWOWW: Season 1 || Snooki & JWOWW: Season 2",merged,1,
movie,m_0edb47cb65,2,Four Seasons || The Four Seasons,merged,0,uncertain: 'Four Seasons' vs 'The Four Seasons' (counted as wrong)
movie,m_a1fa5d7e68,4,Flame of Barbary Coast || Flame of Barbary Coast VHS || Flame of Barbary Coast [Blu-ray] || Flame of Barbary Coast,merged,1,
movie,m_2898a69f78,4,The Lego Movie 2: The Second Part [Blu-ray] || The LEGO Movie 2: The Second Part (Blu-ray) || The LEGO Movie 2: The Second Part || The LEGO Movie 2: The Second Part (Special Edition/DVD),merged,1,
movie,m_490a0e6a30,3,Man of the Year (Full Screen Edition) || The Man of The Year || Man of the Year (Widescreen Edition),merged,1,
movie,m_96e22f3b4e,7,Zack And Miri Make A Porno || Zack & Miri Make a Porno [Blu-ray] || Zack and Miri Make a Porno (Blu-ray + DVD) (Blu-ray) || Zack and Miri Make a Porno (2 Disc Edition) || Zack And Miri Make A Porno [DVD] || Zack and Miri Make a Porno (2-Disc Edition) || Zack And Miri Make A Porno [Blu-ray],merged,1,
movie,m_2cba91a70f,2,A Merry Friggin' Christmas [Blu-ray] || A Merry Friggin' Christmas,merged,1,
movie,m_1db82434f1,2,David E. Talbert's What My Husband Doesn't Know || David E. Talbert's What My Husband Doesn't Know,merged,1,
movie,m_1bfb8673d0,4,Hell Fest || Hell Fest [4K UHD] || Hell Fest [DVD] || Hell Fest,merged,1,
movie,m_1a50c6877f,2,South Park: The Complete Twenty-First Season || South Park: The Complete Twenty-First Season,merged,1,
movie,m_97ed6b1221,5,Doomsday || Doomsday (Widescreen Unrated Edition) (2008) DVD || Doomsday [Blu-ray] || Doomsday || Doomsday,merged,1,
movie,m_e30ce073cd,1,RiffTrax: Shortstoberfest,singleton,1,
movie,m_b16b153ff6,1,"Disney Princess Sing Along Songs, Vol. 2 - Enchanted Tea Party",singleton,1,
movie,m_e01268f2f0,1,"Hunan, The Other World of the Avatar",singleton,1,
movie,m_98c2dc4760,1,Maken-Ki! Two: The Complete Series [Blu-ray],singleton,1,
movie,m_5843275c39,1,Star Trek Deep Space Nine - The Complete Fifth Season,singleton,0,BUG: ordinal season not merged into show
movie,m_65b08aec59,1,Wolf Lake - Complete Series,singleton,1,
movie,m_452941a3e1,1,Spider-Man: Far from Home / Spider-Man: Homecoming / Spider-Man: No Way Home - Multi-Feature,singleton,1,
movie,m_ec0cc9c91a,1,Strong Knees [DVD],singleton,1,
movie,m_49beaf54b2,1,Ozzfest: 10th Anniversary,singleton,1,
movie,m_c0397c7d34,1,Shining Through,singleton,1,
movie,m_31b27f555f,1,The Devil at 4 O'clock,singleton,1,
movie,m_119af0a0cf,1,A Nightmare on Elm Street 3 - Dream Warriors,singleton,1,
movie,m_8508fcdfb2,1,Power Rangers: Time Force: The Complete Series,singleton,1,
movie,m_62fcdf4ff4,1,NOVA: The Nuclear Option,singleton,1,
movie,m_722744ed77,1,Dragon Ball Z - Movie Pack Collection Three (Movies 10-13),singleton,1,
movie,m_91dca0c3ec,1,Duckman - Seasons One & Two,singleton,0,"BUG: 'Seasons One & Two' leaves residue, not merged"
movie,m_dd9d74e161,1,Kathy Smith Timeless: Step Aerobics Workout,singleton,1,
movie,m_8068c46709,1,Maid Sama! Collection 1,singleton,1,
movie,m_a1d80d03cc,1,The Hound of The Baskervilles / The Private Life of Sherlock Holmes / Without A Clue,singleton,1,
movie,m_3d923b2cc1,1,The Zeta Project: The Complete Second Season,singleton,0,BUG: ordinal season not merged into show
movie,m_0678cf9d3e,1,Voyage of the Unicorn - The Complete Miniseries,singleton,1,
movie,m_6039242b75,1,Garage Sale Mystery (Hallmark),singleton,1,
movie,m_12416b9d33,1,Revelation: The End Of Days [DVD],singleton,1,
movie,m_77752ee3ce,1,Show Me the Father / Courageous Legacy Multi-Feature,singleton,1,
movie,m_abbbb37e73,1,As Time Goes By - Reunion Specials,singleton,1,
