task,model,segment,recall@10,ndcg@10,hit@10,recall@20,ndcg@20,hit@20,recall@50,ndcg@50,hit@50,map@10,diversity@10,novelty@10,pop_pct@10,n,coverage@10
within_movie,popularity,all,0.013433730158730159,0.007781039232807471,0.028666666666666667,0.02180297725150666,0.010176914606217707,0.047,0.04182571462410689,0.014634336349156755,0.07933333333333334,0.004340529100529101,0.7470302235484123,7.359639056046804,0.9997647274846517,3000,0.0003831968194663984
within_movie,popularity,heavy,0.01638514162727238,0.01073309901808141,0.05084745762711865,0.024543124902760283,0.013462358826348797,0.08151735270379339,0.040336677863051396,0.017571528274381097,0.12187247780468119,0.005196330886403526,0.746896905702771,7.362817547223181,0.9997630826602825,1239,
within_movie,popularity,sparse,0.014364640883977901,0.006916350468618748,0.014364640883977901,0.02430939226519337,0.009370736702500203,0.02430939226519337,0.045303867403314914,0.013426108258856328,0.045303867403314914,0.004709287029729018,0.7470732069805841,7.356566297942104,0.9997663052100798,905,
within_movie,popularity,bridge,0.013869267855140713,0.00802445569633987,0.02875882946518668,0.024058273892072195,0.010819696859784851,0.04843592330978809,0.045283080065256304,0.015525242100448915,0.08224016145307769,0.004543025122931783,0.7469925619699399,7.359860362246347,0.9997646072091402,1982,
within_movie,popularity,medium,0.008177570093457943,0.004422325748737829,0.011682242990654205,0.015186915887850467,0.006273790323649853,0.02102803738317757,0.04030373831775701,0.011660347594914851,0.053738317757009345,0.002711949265687584,0.7471777478528914,7.358287064828605,0.9997654402134852,856,
within_movie,item_knn,all,0.06460873015873016,0.043455835149439064,0.102,0.08047590095090094,0.04816051270483845,0.12866666666666668,0.10862350638333529,0.05503268060044388,0.17533333333333334,0.03143068499622071,0.6684178617795309,11.944956688563028,0.7659566833520944,3000,0.2406476026248982
within_movie,item_knn,heavy,0.047882316768515315,0.03735640415135925,0.12510088781275222,0.06450984895294823,0.042917631041576115,0.16545601291364004,0.09351938591606611,0.05138157933378091,0.23325262308313155,0.023047573751050057,0.6586849382079543,11.738979990776745,0.7952483964122222,1239,
within_movie,item_knn,sparse,0.08066298342541436,0.04838253147262141,0.08066298342541436,0.09723756906077348,0.0525855200293238,0.09723756906077348,0.1270718232044199,0.058564780792002946,0.1281767955801105,0.038584583004472504,0.6805233642541243,12.123849622189011,0.7415733596672778,905,
within_movie,item_knn,bridge,0.06876651770698189,0.04551777613190164,0.10595358224016145,0.08356149820579689,0.04990605829112774,0.12916246215943492,0.11284248919321424,0.05706152067677667,0.17759838546922302,0.03294968777958543,0.6692940596374566,11.939623760527487,0.7647562754513516,1982,
within_movie,item_knn,medium,0.07184579439252337,0.04707561883418305,0.0911214953271028,0.08586448598130841,0.05107090844329963,0.10864485981308411,0.11098130841121495,0.056583105595811256,0.1413551401869159,0.036001242397270435,0.6697071287955079,12.053960220836034,0.7493380799096422,856,
within_movie,als_single_domain,all,0.0498861111111111,0.03258936740227573,0.08133333333333333,0.06998557474660416,0.038407524857428516,0.11666666666666667,0.11198867792449815,0.048448009783801704,0.18766666666666668,0.022750832073570166,0.6604294418493907,9.02081051826477,0.9897386622917316,3000,0.02936245629161278
within_movie,als_single_domain,heavy,0.03564030131826742,0.02546870081945361,0.09846650524616626,0.0576729009199455,0.032554435033588784,0.15415657788539144,0.09763198851775177,0.0438693766917645,0.255044390637611,0.013787773830723212,0.660089345349719,9.0270932323034,0.9897457639683408,1239,
within_movie,als_single_domain,sparse,0.06408839779005525,0.04143854512474305,0.06408839779005525,0.08453038674033149,0.04667191080357983,0.08508287292817679,0.1298342541436464,0.055761508633417806,0.13038674033149172,0.03451065509076559,0.6601267497183868,9.01430569748852,0.9897027123336358,905,
within_movie,als_single_domain,bridge,0.0511734579469191,0.03341265985767007,0.08072653884964683,0.0734344380071364,0.03977036593013197,0.1170534813319879,0.11861632596866598,0.050653981860435626,0.1922300706357215,0.023672792948326322,0.659960001646931,9.01158139539655,0.9898287156680379,1982,
within_movie,als_single_domain,medium,0.055490654205607476,0.033540302048635166,0.07476635514018691,0.07242990654205607,0.0381419980005015,0.09579439252336448,0.11390186915887851,0.04734311485638523,0.15070093457943926,0.0232912401720813,0.6612417268279557,9.018593906242156,0.9897663909538315,856,
within_movie,als_joint,all,0.04564629629629629,0.02924757537198377,0.07566666666666666,0.0673122916843505,0.035622102960877394,0.114,0.10802152564415478,0.045260999388875026,0.18,0.020115340241034684,0.6443136304418245,8.944554611682891,0.9911684421877869,3000,0.023734253005700052
within_movie,als_joint,heavy,0.035463187158102406,0.02525566099368938,0.09685230024213075,0.056446226838621084,0.03239904382186933,0.15334947538337368,0.0940795616888332,0.04305821534263245,0.24455205811138014,0.014035887947981033,0.6447901113366196,8.945893894577335,0.9912372112199019,1239,
within_movie,als_joint,sparse,0.05856353591160221,0.03572124447203158,0.05856353591160221,0.0856353591160221,0.04243966240816365,0.0861878453038674,0.13259668508287292,0.05170788061231067,0.13370165745856355,0.02870253442076646,0.6450984495120813,8.949873660809427,0.9909366435838864,905,
within_movie,als_joint,bridge,0.04813760351096375,0.03142050103955574,0.07669021190716448,0.07077598415447883,0.038171168013924985,0.11755802219979819,0.11521253957155482,0.048646208689258494,0.18668012108980828,0.022256356035892697,0.643931746723433,8.932531432114263,0.9912773943287592,1982,
within_movie,als_joint,medium,0.04672897196261682,0.028181350347642055,0.0630841121495327,0.06366822429906542,0.0330794382102196,0.08644859813084112,0.1022196261682243,0.0416334549100027,0.13551401869158877,0.019836170449488207,0.6427942132838419,8.93699256616218,0.9913139712832768,856,
within_movie,content,all,0.021133333333333334,0.014168759288390703,0.034333333333333334,0.030303886527415936,0.01686849443025049,0.051333333333333335,0.049522816376035506,0.021326787784278958,0.08366666666666667,0.010281298500881834,0.3706386123696963,12.712857304255168,0.6679894043541782,3000,0.2558557263974709
within_movie,content,heavy,0.013236481033091205,0.009863108046165723,0.03954802259887006,0.02091336528026458,0.012457302494461864,0.06295399515738499,0.03839261430839912,0.017301673759742873,0.1089588377723971,0.005718935094439534,0.3741463345322905,12.598331265915201,0.6874521125400084,1239,
within_movie,content,sparse,0.032044198895027624,0.020317486563538288,0.032044198895027624,0.04088397790055249,0.022620143733596363,0.04088397790055249,0.06408839779005525,0.027095153365377534,0.06408839779005525,0.016716653512233625,0.3657474126605039,12.845998060110524,0.6461865776541945,905,
within_movie,content,bridge,0.021350487722838884,0.013748973691392986,0.034308779011099896,0.029541908992256234,0.016132631746375473,0.04994954591321897,0.04939264479657011,0.020672580762295705,0.08123107971745712,0.009841833779144575,0.368375431426719,12.73636604438035,0.6637536332489012,1982,
within_movie,content,medium,0.02102803738317757,0.013900188850432977,0.029205607476635514,0.03271028037383177,0.01717249465094452,0.0455607476635514,0.05023364485981308,0.0210542941224869,0.06775700934579439,0.010081265761756416,0.37073261701615057,12.73786358632774,0.6628693841687128,856,
within_movie,two_tower,all,0.04860410052910053,0.029163380213220194,0.07966666666666666,0.06868257493423902,0.035040201256916856,0.11366666666666667,0.11210513379707908,0.04529497570612909,0.18866666666666668,0.01888720490047871,0.532195335706075,10.466416812737783,0.9274584812268978,3000,0.10506777793744312
within_movie,two_tower,heavy,0.03858942823833865,0.02704462365164234,0.10411622276029056,0.05451793769387979,0.032713356634582996,0.14769975786924938,0.09831751524716485,0.044915670681213285,0.25907990314769974,0.014448021653285114,0.548352681407051,10.215271653813446,0.943231474264259,1239,
within_movie,two_tower,sparse,0.062430939226519336,0.034919945050795355,0.06298342541436464,0.08453038674033149,0.040410732195413336,0.08508287292817679,0.11823204419889503,0.047151857437955226,0.11933701657458563,0.02647987371744278,0.5124109168079017,10.756088371698368,0.9094153157751063,905,
within_movie,two_tower,bridge,0.05053917799881472,0.03010005221483851,0.07921291624621594,0.06980768809914949,0.0357420611400341,0.11251261352169525,0.1105286497291758,0.04555570419816588,0.1846619576185671,0.019951461299846766,0.5288107430056775,10.463302109003308,0.9267115436915618,1982,
within_movie,two_tower,medium,0.04848130841121495,0.02614404400035739,0.06191588785046729,0.07242990654205607,0.03273018956034249,0.09462616822429906,0.12558411214953272,0.043880817947446873,0.16004672897196262,0.017285315605993178,0.529725648532404,10.52367860134517,0.9237041895920624,856,
within_movie,rrf_fusion,all,0.06039126984126983,0.03909415810120201,0.10033333333333333,0.0894622389592978,0.047560952601246965,0.147,0.13888309146240688,0.05906665623590979,0.22033333333333333,0.027153526706979087,0.6303012200395266,9.139974357446034,0.9762896015455976,3000,0.059874503041624755
within_movie,rrf_fusion,heavy,0.047355778469579925,0.03364611265157435,0.12994350282485875,0.0725477940903094,0.0421297085250419,0.18886198547215496,0.11593968877096099,0.05416965387633569,0.2841000807102502,0.019025091248946892,0.6277000021318739,9.081479140690394,0.9797899836284979,1239,
within_movie,rrf_fusion,sparse,0.0718232044198895,0.045625583832611685,0.0718232044198895,0.10497237569060773,0.05410579901319938,0.10607734806629834,0.16464088397790055,0.06604117563838871,0.16574585635359115,0.03748048759098483,0.6340838448777383,9.191449540491263,0.9731680484003994,905,
within_movie,rrf_fusion,bridge,0.06303076898435123,0.04051707980186032,0.10090817356205853,0.09283495164735148,0.04926851125154217,0.14883955600403634,0.1459757230667681,0.06154713401639416,0.22704339051463168,0.028399537637680924,0.631442991323115,9.135952272521019,0.9755207895416278,1982,
within_movie,rrf_fusion,medium,0.06717289719626168,0.04007451794368206,0.08761682242990654,0.09754672897196262,0.0485028047129305,0.12967289719626168,0.14485981308411214,0.05878096215211175,0.18574766355140188,0.028000760272956532,0.6300671470360221,9.1702203071006,0.9745232840171986,856,
within_movie,crossverse_ranker,all,0.07152222222222222,0.047793596618249265,0.117,0.09729683678894203,0.055305430253656813,0.15566666666666668,0.1459318664705627,0.06701866201960144,0.23766666666666666,0.034043619562022336,0.6075198509891828,10.252715062618256,0.9175804421239193,3000,0.14350720889016622
within_movie,crossverse_ranker,heavy,0.052515469464622,0.03981528076841445,0.14608555286521388,0.07820057333884274,0.048051899461262995,0.19693301049233253,0.12776077434357389,0.06220798937315655,0.3155770782889427,0.023275223198716607,0.6199222942626312,10.279894626746744,0.9213283480985751,1239,
within_movie,crossverse_ranker,sparse,0.08784530386740332,0.05249728237152962,0.08839779005524862,0.10994475138121547,0.05809503028925643,0.11049723756906077,0.16022099447513813,0.06795038700688992,0.16132596685082873,0.04163202665965097,0.5970955382394527,10.2084644444081,0.9162217476548811,905,
within_movie,crossverse_ranker,bridge,0.07600808066247017,0.05026109340416355,0.11806256306760847,0.10470085750105931,0.05868052303874311,0.16145307769929365,0.15200374720925838,0.07013042817394641,0.24217961654894046,0.0362328577346026,0.6060609771493225,10.224384974037964,0.9170566110731984,1982,
within_movie,crossverse_ranker,medium,0.08177570093457943,0.054368710790242976,0.10514018691588785,0.11156542056074767,0.06285512256622493,0.14369158878504673,0.15712616822429906,0.07299671376662145,0.205607476635514,0.04160732828957127,0.6005892152680414,10.260158204586707,0.9135920811331257,856,
within_movie,crossverse_ranker+diversity,all,0.06962407407407407,0.04701588892419456,0.11433333333333333,0.094707542749648,0.05433565804926881,0.15433333333333332,0.14312644644341416,0.06590316547785478,0.231,0.03366844623960695,0.6391697544455528,10.126708632787068,0.9249067300553253,3000,0.13790295540547012
within_movie,crossverse_ranker+diversity,heavy,0.05114787911398081,0.0390532160441329,0.14366424535916061,0.07637016000721876,0.04720106501465737,0.19854721549636803,0.1254070535353047,0.06098349834361033,0.3042776432606941,0.022835060779759848,0.6494859077451304,10.185960628026141,0.9265233622375117,1239,
within_movie,crossverse_ranker+diversity,sparse,0.08453038674033149,0.05141637750173989,0.08508287292817679,0.10994475138121547,0.05789499742879931,0.11049723756906077,0.1580110497237569,0.06731609776315241,0.1591160220994475,0.04120319214241867,0.6314459315321064,10.049088659339189,0.9251328987773797,905,
within_movie,crossverse_ranker+diversity,bridge,0.07386718562298784,0.04906910553389864,0.11604439959636731,0.09939739036610884,0.05662481987992908,0.1579212916246216,0.1493729349744172,0.068497568271766,0.23511604439959638,0.0353681687244917,0.6391361289320271,10.088600265510628,0.9248261573764871,1982,
within_movie,crossverse_ranker+diversity,medium,0.08060747663551401,0.05388891408274347,0.102803738317757,0.10514018691588785,0.060899394768203906,0.1366822429906542,0.1530373831775701,0.07153022606329228,0.20093457943925233,0.04138295505117935,0.6324038032755673,10.123008695718283,0.9223276529908534,856,
within_game,popularity,all,0.03314603174603174,0.018739397685362758,0.048,0.05288554530265056,0.024110146620166313,0.07566666666666666,0.10664675522799093,0.035754662638122464,0.147,0.01220952380952381,0.62425792046388,7.288127957344055,0.999758028564814,3000,0.00040714662068304836
within_game,popularity,sparse,0.03139866793529972,0.014950731262633922,0.03139866793529972,0.05518553758325404,0.020943019868838272,0.056137012369172214,0.1065651760228354,0.03121576325840026,0.10846812559467174,0.009927808738465256,0.6242361247936506,7.284240996236465,0.9997604780212245,1051,
within_game,popularity,bridge,0.03155968658090298,0.018097647941765597,0.0462046204620462,0.047633963181495376,0.022471929540544097,0.06883545497406883,0.09870390380466151,0.0336355687346623,0.1404997642621405,0.011966035038878036,0.6241314423247252,7.286865245166223,0.999758867942455,2121,
within_game,popularity,heavy,0.03396795391124313,0.02149970180061041,0.06521739130434782,0.04882479764456682,0.026125998249183605,0.09735349716446125,0.09682444771642039,0.037876379876547774,0.18525519848771266,0.013426238485312209,0.6242460705945533,7.293856718139072,0.9997546150538658,1058,
within_game,popularity,medium,0.03423120089786756,0.01993074073402268,0.04713804713804714,0.05499438832772166,0.02545232304232734,0.07295173961840629,0.11840628507295174,0.03858923773333466,0.14702581369248036,0.013456211141396326,0.624297700947784,7.285910412117287,0.9997591925557184,891,
within_game,item_knn,all,0.09104589947089947,0.053531450387754455,0.12266666666666666,0.12582578763828767,0.06329923135546618,0.166,0.18581949176025261,0.07658543780872083,0.24166666666666667,0.03749443121693122,0.5955696588953336,11.021754532337189,0.8491484555999969,3000,0.11325860995353738
within_game,item_knn,sparse,0.10180780209324453,0.05964791952737638,0.1027592768791627,0.14367269267364416,0.07032340049814353,0.14462416745956233,0.2021883920076118,0.08194201942300618,0.20456707897240722,0.046849183695044774,0.5973855515642466,11.079716197884048,0.8411377699621418,1051,
within_game,item_knn,bridge,0.08239524632735382,0.04902839808464751,0.11173974540311174,0.11186939272158508,0.05746789047491818,0.15087223008015088,0.16536456255800083,0.0694075012383839,0.22065063649222066,0.0348030902863529,0.5980835887184125,11.126085914232325,0.8387081633051509,2121,
within_game,item_knn,heavy,0.07668969604224803,0.045988411245109675,0.14177693761814744,0.10631130710289499,0.055508946392360654,0.1890359168241966,0.16820271765667097,0.07101943270364015,0.2844990548204159,0.027775114771806646,0.5939212768762909,10.963231801986694,0.8564742367991216,1058,
within_game,item_knn,medium,0.09539842873176206,0.05527345526673935,0.12345679012345678,0.12794612794612795,0.0642641244216971,0.1638608305274972,0.18742985409652077,0.0768761966466125,0.2345679012345679,0.03800081948230096,0.5953850180211694,11.022876124055564,0.849898796898214,891,
within_game,als_single_domain,all,0.08260595238095238,0.05092019090848235,0.112,0.12419121942871943,0.06257259774853152,0.164,0.1999132034335696,0.07937248653054965,0.261,0.03665218253968254,0.5955306472977002,9.294426464398702,0.9842345180785411,3000,0.022896009963117307
within_game,als_single_domain,sparse,0.0889628924833492,0.05282586096691323,0.09039010466222645,0.13606089438629876,0.064753540854552,0.13701236917221693,0.21550903901046622,0.08079349486482029,0.21693625118934348,0.04147372872396659,0.5934210255189128,9.276367105380565,0.9845910968002369,1051,
within_game,als_single_domain,bridge,0.07294010013246223,0.0447107152540366,0.09995285242809995,0.11142984719717393,0.05552581210877938,0.15087223008015088,0.17966607881086824,0.07084532299908898,0.24092409240924093,0.03228547854785478,0.595199415364506,9.307761192771412,0.9839256545586063,2121,
within_game,als_single_domain,heavy,0.07402443964353227,0.05023719001009533,0.13705103969754254,0.1092378622742517,0.061175486314544336,0.1937618147448015,0.1868994426282691,0.08052213878006609,0.31758034026465026,0.0337447865094368,0.6000699690474455,9.322612806168756,0.983654333249862,1058,
within_game,als_single_domain,medium,0.08529741863075196,0.04948332864033714,0.10774410774410774,0.12794612794612795,0.06165898685372896,0.16049382716049382,0.19696969696969696,0.0763311713349191,0.24579124579124578,0.03441714321343951,0.5926289751072122,9.282259502261041,0.9845028360496312,891,
within_game,als_joint,all,0.07925277777777777,0.046382612154323426,0.10633333333333334,0.12280235088985088,0.05850381178978366,0.162,0.20651579746742788,0.07674373862543978,0.26266666666666666,0.03241807445200302,0.5878892913858096,8.84701613076528,0.9927396147183036,3000,0.011112707764525555
within_game,als_joint,sparse,0.0889628924833492,0.04678783301637363,0.09134157944814462,0.13368220742150333,0.05806913817100362,0.13606089438629876,0.21883920076117983,0.07500435008985415,0.22169362511893434,0.033984074124416654,0.5846047933389753,8.841375664004136,0.9927984869014579,1051,
within_game,als_joint,bridge,0.0703475449585775,0.04126369408440635,0.09476661951909476,0.10771026932625236,0.051713058168095016,0.14474304573314475,0.18335736154212878,0.06811576897873522,0.23903818953323905,0.02908197120327517,0.5874780606740154,8.857071621133606,0.9926375418590954,2121,
within_game,als_joint,heavy,0.0711326402016383,0.045836586577113425,0.12570888468809074,0.11002556963095715,0.05820936762516585,0.19187145557655955,0.1829370438584912,0.0761980401217791,0.30245746691871456,0.03033656751925723,0.5902961218740178,8.855465472533256,0.9927535492395484,1058,
within_game,als_joint,medium,0.07744107744107744,0.04655299143005114,0.10101010101010101,0.1251402918069585,0.059366173068687675,0.15712682379349047,0.21997755331088664,0.07944345396525289,0.26374859708193044,0.03304250619065434,0.5889056559096014,8.843636475294394,0.9926536243838792,891,
within_game,content,all,0.023135978835978836,0.011955532375260484,0.03133333333333333,0.0424867303992304,0.017296591759429884,0.058333333333333334,0.08175654160654161,0.02600492306290638,0.11366666666666667,0.007484678130511464,0.3014585710763931,12.575714856465657,0.6823091538332575,3000,0.15320687838290942
within_game,content,sparse,0.03139866793529972,0.01464669617431313,0.03139866793529972,0.047573739295908656,0.018696149988940196,0.047573739295908656,0.09039010466222645,0.0271726538123572,0.09134157944814462,0.009523431954450032,0.29956003226743894,12.57920434971745,0.6808326996131001,1051,
within_game,content,bridge,0.021330160226907046,0.011400464234409326,0.030645921735030647,0.041549673674850476,0.017014966589737467,0.0594059405940594,0.07878442606165378,0.02536958009744426,0.11221122112211221,0.007158697729183349,0.30308628992784814,12.631457162881336,0.6748783490903877,2121,
within_game,content,heavy,0.016453626188975903,0.009467564651288167,0.035916824196597356,0.034461428353205294,0.01499811084079017,0.06994328922495274,0.0716159024760159,0.024444142613996994,0.14366729678638943,0.00492868645042558,0.302092932009742,12.600309057361914,0.681086687815738,1058,
within_game,content,medium,0.02132435465768799,0.011735393990477521,0.025813692480359147,0.04601571268237935,0.018374994803992704,0.05723905723905724,0.08361391694725027,0.026480816101372495,0.10437710437710437,0.008114878948212282,0.3029447780581302,12.542394854270515,0.6855023327691958,891,
within_game,two_tower,all,0.08226190476190476,0.04582193664279832,0.113,0.12645936147186146,0.05810541347281751,0.17133333333333334,0.20930465289541378,0.07627498137166373,0.27,0.030293597253716303,0.487461417734623,10.118047096093497,0.9429219129962718,3000,0.0625329309766729
within_game,two_tower,sparse,0.10038058991436727,0.0514047804929355,0.10085632730732635,0.14652711703139867,0.06303461785350009,0.14843006660323502,0.22645099904852523,0.07890949462726551,0.22835394862036157,0.03659137933638409,0.47478455151976234,10.216561755262932,0.937254826268288,1051,
within_game,two_tower,bridge,0.07520486742551806,0.04176394416192394,0.10513908533710514,0.1137051205120512,0.05260623801328555,0.1588873173031589,0.18955609735773932,0.06925954474512837,0.24893917963224893,0.027569513713600058,0.4826814377437162,10.18997216415765,0.9394705542111087,2121,
within_game,two_tower,heavy,0.06926816095058061,0.040602805473464336,0.1342155009451796,0.11283372818108166,0.05423319744900557,0.2107750472589792,0.19368049025164585,0.07422652437395008,0.3270321361058601,0.022829873390229856,0.49952632301471184,10.036083608584052,0.9461664414320297,1058,
within_game,two_tower,medium,0.07631874298540965,0.04543391407339451,0.10213243546576879,0.11896745230078563,0.05688903945384516,0.15151515151515152,0.20763187429854096,0.07559977830987201,0.25140291806958476,0.03172754885717849,0.48808848463191196,10.099167705518763,0.9457540084688631,891,
within_game,rrf_fusion,all,0.10424986772486773,0.05995912846894701,0.14033333333333334,0.15048465007215006,0.07289035575651985,0.19966666666666666,0.2403389482297091,0.09260662332139934,0.304,0.0410300355883094,0.5173244478106499,9.476480606396994,0.9561284506502528,3000,0.046917660583417155
within_game,rrf_fusion,sparse,0.12226450999048526,0.06411998668508287,0.12369172216936251,0.1731684110371075,0.0770527986184386,0.17507136060894388,0.2702188392007612,0.09624994493750133,0.2721217887725975,0.04630019784634437,0.5139623123844048,9.530663953067913,0.9517383904432034,1051,
within_game,rrf_fusion,bridge,0.09135496883021633,0.05320914911131938,0.12494106553512493,0.13437412618812902,0.06524251940668567,0.18104667609618105,0.21561266559959752,0.08321088976622114,0.2795851013672796,0.036785440327317474,0.5190039035679315,9.532225107033822,0.9516728343116344,2121,
within_game,rrf_fusion,heavy,0.0890828007321391,0.055753860437488055,0.166351606805293,0.1351171552140361,0.07028707717268627,0.24291115311909262,0.21504427664378764,0.0902289350504458,0.35255198487712663,0.03446176112747136,0.5217356778723531,9.457743211144084,0.9566952435234722,1058,
within_game,rrf_fusion,medium,0.10101010101010101,0.060044551131264404,0.12906846240179573,0.1419753086419753,0.07107165911658643,0.17732884399551066,0.2351290684624018,0.0911323956807098,0.2839506172839506,0.04261285696470881,0.5160523074376998,9.434816708334635,0.9606338226118042,891,
within_game,crossverse_ranker,all,0.1057771164021164,0.06011216727580461,0.13966666666666666,0.1546470635845636,0.07392408794593709,0.20333333333333334,0.2454220054407411,0.09398500055528052,0.314,0.041213734567901235,0.5431971936623256,9.750921867370606,0.9525797571431992,3000,0.07067586339033385
within_game,crossverse_ranker,sparse,0.12464319695528069,0.06758191883116837,0.12559467174119887,0.17697431018078022,0.08088674816799349,0.17887725975261656,0.2630827783063749,0.09791120894709436,0.26450999048525214,0.05004681860057692,0.5395694038734109,9.724384452137462,0.9525039501597029,1051,
within_game,crossverse_ranker,bridge,0.10000972886404287,0.057581117852644685,0.132013201320132,0.14318582891779497,0.06980879161496764,0.19094766619519093,0.23004504485230892,0.08892553190085771,0.3008015087223008,0.039965456296196515,0.5406172451462626,9.777280759384249,0.9508277824302783,2121,
within_game,crossverse_ranker,heavy,0.08537934707594443,0.052077435577794845,0.15406427221172023,0.136522864606513,0.0681913935512574,0.24102079395085066,0.23182043130644936,0.09170810170987292,0.3809073724007561,0.032386966023544475,0.5466014601445153,9.807665076733537,0.9511832254834524,1058,
within_game,crossverse_ranker,medium,0.10774410774410774,0.06084172648097522,0.13916947250280584,0.14983164983164984,0.07251829083728376,0.18742985409652077,0.24074074074074073,0.09205740679393921,0.29292929292929293,0.0412756310904459,0.5434341107554709,9.71484611866584,0.9543274604379993,891,
within_game,crossverse_ranker+diversity,all,0.09711230158730158,0.05704879577728828,0.129,0.14216858772319296,0.06957468772022803,0.18733333333333332,0.22089812638099254,0.08682117330307305,0.2876666666666667,0.0399541014739229,0.60234964376688,9.650097981293996,0.954879868911615,3000,0.06947837332950137
within_game,crossverse_ranker+diversity,sparse,0.11465271170313987,0.06458920594682473,0.1170313986679353,0.15842055185537585,0.07571444795160301,0.16079923882017128,0.23834443387250237,0.09147269269999453,0.2407231208372978,0.04892921329648256,0.6027665591943162,9.610526919705203,0.9554379736223653,1051,
within_game,crossverse_ranker+diversity,bridge,0.09216227745223503,0.05435618505558817,0.12164073550212164,0.13165726019984192,0.06529751512912144,0.17491749174917492,0.20726986286797622,0.08192402632587834,0.2753418198962753,0.03845824767121999,0.6041233829314391,9.65364129629859,0.953925906257736,2121,
within_game,crossverse_ranker+diversity,heavy,0.07971352056890808,0.04918484586512526,0.14366729678638943,0.12146102378977217,0.06204764198395215,0.21644612476370512,0.2005617950311697,0.08136088227119342,0.3431001890359168,0.030837611824818145,0.604245382693855,9.710127768759916,0.9529829603269965,1058,
within_game,crossverse_ranker+diversity,medium,0.09708193041526375,0.05749221656167175,0.12570145903479238,0.14758698092031425,0.07127022799610322,0.1840628507295174,0.2244668911335578,0.08781807681100141,0.2772166105499439,0.04019248926656334,0.5996068043740912,9.62549379564964,0.956473989261254,891,
mixed,popularity,all,0.008887962962962964,0.0052520376056788415,0.019,0.018707224719724722,0.008090269288879716,0.03866666666666667,0.037431922643112146,0.012246257153853425,0.06966666666666667,0.0028196759259259256,0.71947860455513,7.027032179196675,0.9998901484124891,3000,0.0003831968194663984
mixed,popularity,sparse,0.009442870632672332,0.0035729144560181793,0.009442870632672332,0.021718602455146365,0.006633485687032664,0.021718602455146365,0.04627006610009443,0.011293613253576687,0.04627006610009443,0.0018278699581815727,0.719881720538405,7.024848888908725,0.9998909816932969,1059,
mixed,popularity,bridge,0.008887962962962964,0.0052520376056788415,0.019,0.018707224719724722,0.008090269288879716,0.03866666666666667,0.037431922643112146,0.012246257153853425,0.06966666666666667,0.0028196759259259256,0.71947860455513,7.027032179196675,0.9998901484124891,3000,
mixed,popularity,medium,0.00900360144057623,0.005301266975580981,0.014405762304921969,0.015006002400960384,0.0069705610057965665,0.024009603841536616,0.034213685474189674,0.01122862194429647,0.05162064825930372,0.003288458240439033,0.7192498944959148,7.026570945226846,0.9998903630620929,833,
mixed,popularity,heavy,0.00827065784195748,0.006819892615030969,0.0315884476534296,0.018611619277232996,0.010324430691555067,0.06588447653429604,0.03140412267990654,0.013921834789190981,0.1055956678700361,0.0034151875250701966,0.7192652612816987,7.029465674062928,0.9998891906078907,1108,
mixed,item_knn,all,0.06172619047619047,0.04033097602900587,0.09966666666666667,0.08175081215081215,0.046199331707795825,0.12966666666666668,0.11031270415540285,0.05320774218798207,0.17966666666666667,0.028187400793650796,0.676385784526666,11.612863545894623,0.7966911128142489,3000,0.2622503233223164
mixed,item_knn,sparse,0.07837582625118036,0.044551060207652524,0.07837582625118036,0.10387157695939565,0.05097585752130988,0.10387157695939565,0.13408876298394712,0.0569727552455753,0.13503305004721436,0.03412098865356655,0.684873670030023,11.751937735632302,0.7771102581400346,1059,
mixed,item_knn,bridge,0.06172619047619047,0.04033097602900587,0.09966666666666667,0.08175081215081215,0.046199331707795825,0.12966666666666668,0.11031270415540285,0.05320774218798207,0.17966666666666667,0.028187400793650796,0.676385784526666,11.612863545894623,0.7966911128142489,3000,
mixed,item_knn,medium,0.06062424969987995,0.04126007654646054,0.08643457382953182,0.07983193277310924,0.04677401148045333,0.11044417767106843,0.10324129651860744,0.05204422740993287,0.1452581032412965,0.030761590350425888,0.6770594171544655,11.681359850916685,0.7874280514782974,833,
mixed,item_knn,heavy,0.046641309953584315,0.035599017656960275,0.1299638989169675,0.06205093542638669,0.041201994986554795,0.16877256317689532,0.09290443363376225,0.050483968706144314,0.24819494584837545,0.02058093017592115,0.6677668253867635,11.428443880718108,0.8223700434937077,1108,
mixed,als_joint,all,0.038518121693121694,0.024460070715220647,0.066,0.06155579975579976,0.03129556333694262,0.10633333333333334,0.10279638347534202,0.041126498300622906,0.17533333333333334,0.016539898589065256,0.6589379104773203,8.733209803899129,0.9934269298014515,3000,0.02895530967092973
mixed,als_joint,sparse,0.0453257790368272,0.027019904715684696,0.0453257790368272,0.07176581680830972,0.03375491290623037,0.07176581680830972,0.1166194523135033,0.04272367419530549,0.11709159584513693,0.021567216751352727,0.656227554601808,8.711300249703095,0.9937122305246416,1059,
mixed,als_joint,bridge,0.038518121693121694,0.024460070715220647,0.066,0.06155579975579976,0.03129556333694262,0.10633333333333334,0.10279638347534202,0.041126498300622906,0.17533333333333334,0.016539898589065256,0.6589379104773203,8.733209803899129,0.9934269298014515,3000,
mixed,als_joint,medium,0.04081632653061224,0.02427163767315136,0.06362545018007203,0.06302521008403361,0.03045047072315634,0.08883553421368548,0.09723889555822329,0.038223088526751235,0.13925570228091236,0.015973770460565178,0.6571861558458527,8.720922031608664,0.9934736752459707,833,
mixed,als_joint,heavy,0.030283722995816862,0.02215510728340863,0.08754512635379061,0.05069259861678634,0.0295803205151089,0.15252707581227437,0.09376277114262278,0.041782753778209766,0.2581227436823105,0.012160525662330715,0.6628453820298295,8.763388443079236,0.9931191027065567,1108,
mixed,content,all,0.016070767195767194,0.009875110963679113,0.028,0.024699742849742846,0.012304303216099627,0.042666666666666665,0.043502808031301216,0.016798177377751744,0.07833333333333334,0.0066439417989417986,0.3676840466062228,12.606570872942607,0.680297779800254,3000,0.2759256598170235
mixed,content,sparse,0.021718602455146365,0.013471019799035342,0.021718602455146365,0.031161473087818695,0.01578177462079403,0.031161473087818695,0.04863078375826251,0.01923106030203414,0.049102927289896126,0.011029422785796723,0.365312458041482,12.680105687538557,0.6676636196769132,1059,
mixed,content,bridge,0.016070767195767194,0.009875110963679113,0.028,0.024699742849742846,0.012304303216099627,0.042666666666666665,0.043502808031301216,0.016798177377751744,0.07833333333333334,0.0066439417989417986,0.3676840466062228,12.606570872942607,0.680297779800254,3000,
mixed,content,medium,0.01680672268907563,0.008594422673055354,0.026410564225690276,0.02460984393757503,0.010732994645611183,0.03721488595438175,0.0468187274909964,0.01563028522874705,0.06962785114045618,0.00489076583014158,0.36582118072429626,12.603901217393085,0.6811371218187655,833,
mixed,content,heavy,0.010119405764712623,0.007401054907223653,0.0351985559566787,0.018591361506523962,0.01016193662913709,0.05776173285198556,0.03610868600532818,0.015350913066655938,0.11281588447653429,0.003770450117471778,0.3713512664344767,12.538295109779826,0.6917421874439339,1108,
mixed,two_tower,all,0.04050555555555556,0.024602970221803324,0.06933333333333333,0.06140883607133607,0.030770329248965833,0.10433333333333333,0.10566460070672182,0.04131041998559706,0.178,0.01605151565255732,0.5645977263847987,9.919634812513987,0.9540187451600285,3000,0.11225271830243809
mixed,two_tower,sparse,0.05193578847969783,0.030857528243136464,0.05193578847969783,0.07459867799811143,0.03647721396799448,0.07459867799811143,0.11756373937677053,0.044956833691005456,0.11803588290840415,0.02443829908419144,0.5554446407485616,10.088111311000286,0.9461437736703601,1059,
mixed,two_tower,bridge,0.04050555555555556,0.024602970221803324,0.06933333333333333,0.06140883607133607,0.030770329248965833,0.10433333333333333,0.10566460070672182,0.04131041998559706,0.178,0.01605151565255732,0.5645977263847987,9.919634812513987,0.9540187451600285,3000,
mixed,two_tower,medium,0.03601440576230492,0.01986534676070691,0.05162064825930372,0.055222088835534214,0.02535400778400477,0.07683073229291716,0.10504201680672269,0.03650883234114311,0.14645858343337334,0.012561691343203948,0.5616155343324769,9.965539916222836,0.9513713429711212,833,
mixed,two_tower,heavy,0.03295728038507822,0.022186781953302877,0.09927797833935018,0.05345352726896048,0.02938784266310051,0.15342960288808663,0.09475974920592554,0.04143512250707962,0.25902527075812276,0.010659295431971421,0.5755880546053395,9.724097300522594,0.9635357856211461,1108,
mixed,rrf_fusion,all,0.057147222222222224,0.03547179299963322,0.09366666666666666,0.08952327579827579,0.045148390512304765,0.15,0.13685707744589107,0.05629708283944629,0.222,0.023533731733434114,0.6121089004476865,9.087711054007212,0.977316928923271,3000,0.07807635196627868
mixed,rrf_fusion,sparse,0.07129367327667611,0.041246609806403406,0.07176581680830972,0.10623229461756374,0.0500499515020303,0.10670443814919736,0.15816808309726157,0.060277228994090146,0.15864022662889518,0.03201882578653117,0.6118977334389043,9.1470934104199,0.9743027517804638,1059,
mixed,rrf_fusion,bridge,0.057147222222222224,0.03547179299963322,0.09366666666666666,0.08952327579827579,0.045148390512304765,0.15,0.13685707744589107,0.05629708283944629,0.222,0.023533731733434114,0.6121089004476865,9.087711054007212,0.977316928923271,3000,
mixed,rrf_fusion,medium,0.055222088835534214,0.030799490932338372,0.08043217286914765,0.08763505402160865,0.039913795352779544,0.12725090036014405,0.1368547418967587,0.05106069969772242,0.19567827130852342,0.019210303168886597,0.6105303782947352,9.106352168972753,0.9757279656048466,833,
mixed,rrf_fusion,heavy,0.04507370637785801,0.03346502099935071,0.12454873646209386,0.07497276840688392,0.044398990403789584,0.20848375451263537,0.11649028189320683,0.056429693290067355,0.30234657039711194,0.018674256455490337,0.6134974697759435,9.016940328188321,0.9813923982720799,1108,
mixed,crossverse_ranker,all,0.06665158730158731,0.04161233758073565,0.11066666666666666,0.09674361009361009,0.050431915925929376,0.16,0.13863685694529143,0.060783194315678066,0.234,0.027960986552028222,0.6301821541190148,9.987168003718057,0.933668229029451,3000,0.15517076208267472
mixed,crossverse_ranker,sparse,0.07837582625118036,0.045683605598972284,0.07837582625118036,0.11237016052880075,0.05424055132824949,0.11237016052880075,0.14872521246458922,0.06160192670481692,0.14919735599622286,0.03573264685162702,0.6241390716365421,9.923482368080204,0.9341683962840325,1059,
mixed,crossverse_ranker,bridge,0.06665158730158731,0.04161233758073565,0.11066666666666666,0.09674361009361009,0.050431915925929376,0.16,0.13863685694529143,0.060783194315678066,0.234,0.027960986552028222,0.6301821541190148,9.987168003718057,0.933668229029451,3000,
mixed,crossverse_ranker,medium,0.07142857142857142,0.04276908182203153,0.10684273709483794,0.09963985594237695,0.05089052123539934,0.14765906362545017,0.14225690276110445,0.06045822270630137,0.20768307322929172,0.02809576211436956,0.6277204794185359,9.990663329807937,0.9300857219279828,833,
mixed,crossverse_ranker,heavy,0.051854478253395224,0.03685147044688001,0.1444043321299639,0.07963071324984682,0.046446931166141056,0.2148014440433213,0.12627307837172771,0.060244984704227476,0.3348375451263538,0.02043169386186083,0.6378086878504564,10.045409413020964,0.9358835280302822,1108,
mixed,crossverse_ranker+diversity,all,0.06598492063492063,0.041394489161912476,0.11,0.09388118455618455,0.04955063898421003,0.15533333333333332,0.13202097020164658,0.05877388979570397,0.22,0.027876727292768962,0.6338652549386025,9.981684455235799,0.9337649222810336,3000,0.15538631029362457
mixed,crossverse_ranker+diversity,sparse,0.07743153918791312,0.045410645423034704,0.07743153918791312,0.11048158640226628,0.05372168440437697,0.11048158640226628,0.15155807365439095,0.06185213186700514,0.15203021718602455,0.0356382181453003,0.6290025999795952,9.915935974733463,0.9343359335660477,1059,
mixed,crossverse_ranker+diversity,bridge,0.06598492063492063,0.041394489161912476,0.11,0.09388118455618455,0.04955063898421003,0.15533333333333332,0.13202097020164658,0.05877388979570397,0.22,0.027876727292768962,0.6338652549386025,9.981684455235799,0.9337649222810336,3000,
mixed,crossverse_ranker+diversity,medium,0.07082833133253301,0.04254750235410887,0.10684273709483794,0.09483793517406963,0.049496034089711385,0.14285714285714285,0.1290516206482593,0.05749527912473047,0.19327731092436976,0.027969044760761445,0.6322370685306059,9.982815321754007,0.9302281878430486,833,
mixed,crossverse_ranker+diversity,heavy,0.05140321471548909,0.03668910155394491,0.14350180505415164,0.07729562605465132,0.04560510538958962,0.2075812274368231,0.11558024422828493,0.056793045333080314,0.30505415162454874,0.02038907452772525,0.6397369434579615,10.04367509516568,0.9358780981258096,1108,
cold_start,popularity,all,0.012418518518518518,0.0069983143022196185,0.02266666666666667,0.021064099326599323,0.009467851216540842,0.03866666666666667,0.038233003131423846,0.013293021201456473,0.068,0.004030952380952381,0.7194271740317345,7.025750497817993,0.9998905922927692,3000,0.00035924701824974854
cold_start,popularity,heavy,0.009074074074074075,0.006854040702371757,0.03333333333333333,0.018815978411566646,0.01002417291328288,0.06274509803921569,0.03254804842575641,0.013825020323982251,0.10588235294117647,0.0032773109243697486,0.7187987760001537,7.028073114507339,0.9998897014797102,1020,
cold_start,popularity,sparse,0.014545454545454545,0.006302207930273371,0.014545454545454545,0.025454545454545455,0.0090934203113042,0.025454545454545455,0.04727272727272727,0.01333110036149332,0.04727272727272727,0.0038463203463203464,0.7199725876613097,7.024213487018239,0.9998912086883249,1100,
cold_start,popularity,bridge,0.011757041472610334,0.006574028601780305,0.021956087824351298,0.021975808484042014,0.00946735036790457,0.040419161676646706,0.040665701839789084,0.013644618585788401,0.07235528942115768,0.003584035632438826,0.7193126044052089,7.026614588177846,0.9998903075223344,2004,
cold_start,popularity,medium,0.013636363636363636,0.008035673485157907,0.020454545454545454,0.01818181818181818,0.009291062426862914,0.02727272727272727,0.033522727272727273,0.012628786904846439,0.05,0.005135281385281385,0.7194737774404613,7.024979637427763,0.9998908543316428,880,
cold_start,content,all,0.0008730158730158729,0.000381927412141839,0.002,0.002234126984126984,0.0007433211513949051,0.004,0.0056067616611862135,0.0015288095607936636,0.011,0.00014497354497354498,0.34080217536290486,14.098302271207174,0.4336584916053936,3000,0.08324950902907506
cold_start,content,heavy,0.0010971055088702148,0.0005276261219400067,0.00392156862745098,0.0011788048552754434,0.0005737918875422168,0.004901960784313725,0.00521596567015553,0.0016299223481458364,0.018627450980392157,0.00015406162464985993,0.34596747896250557,14.118255685357486,0.4303283244176889,1020,
cold_start,content,sparse,0.0009090909090909091,0.00027366363242180107,0.0009090909090909091,0.0018181818181818182,0.0005063527458852697,0.0018181818181818182,0.004545454545454545,0.0010439555891909112,0.004545454545454545,0.00010101010101010101,0.3348760795593262,14.071709413528442,0.43855402224772094,1100,
cold_start,content,bridge,0.0007366219941070239,0.0002679208169183304,0.0014970059880239522,0.0022752114817983075,0.0006482080262899782,0.003493013972055888,0.005268177565220309,0.001369720880697272,0.010479041916167664,8.633526597598454e-05,0.34256608462976124,14.100832623635938,0.43378106192711213,2004,
cold_start,content,medium,0.0005681818181818182,0.00034837908679855587,0.0011363636363636363,0.003977272727272727,0.0012360314868384745,0.005681818181818182,0.007386363636363636,0.0020176781126843577,0.010227272727272727,0.0001893939393939394,0.3422227386723865,14.108415522358634,0.43139904481550595,880,
cold_start,rrf_fusion,all,0.00842910052910053,0.004842862200716807,0.014666666666666666,0.013079885854885854,0.00611247122605295,0.023,0.023448419060810362,0.008457627348851544,0.04133333333333333,0.003044708994708995,0.46629836960633597,11.896189122517903,0.6832289312544408,3000,0.1431240120706998
cold_start,rrf_fusion,heavy,0.005183629007158419,0.0036403678646429517,0.020588235294117647,0.008568291730056434,0.004656224160434942,0.03235294117647059,0.017495350178854018,0.006910201763337876,0.05784313725490196,0.001621537503890445,0.4655880613069908,11.945083895851583,0.6758227282482461,1020,
cold_start,rrf_fusion,sparse,0.00909090909090909,0.003959947976688651,0.00909090909090909,0.016363636363636365,0.00578766866316621,0.016363636363636365,0.025454545454545455,0.007577057905841067,0.025454545454545455,0.002465728715728716,0.46264641366221687,11.84858964139765,0.6904026101553944,1100,
cold_start,rrf_fusion,bridge,0.006306038716218357,0.004231753772721581,0.01347305389221557,0.009183406413945336,0.005015835469435846,0.019461077844311378,0.01846981289704539,0.007216238410308571,0.03792415169660679,0.002750451477996388,0.47442460488416477,11.839451015114546,0.6889081404168885,2004,
cold_start,rrf_fusion,medium,0.011363636363636364,0.0073403052339285155,0.014772727272727272,0.014204545454545454,0.008206397164809523,0.020454545454545454,0.02784090909090909,0.011351946081278203,0.042045454545454546,0.005418019480519481,0.4716866264289076,11.899014986645092,0.6828462952036108,880,
cold_start,crossverse_ranker,all,0.009592989417989417,0.005149687322031393,0.017,0.01653544141044141,0.007089927933540633,0.029666666666666668,0.029460920910812215,0.009957864059766775,0.052,0.0029531613756613754,0.4945261855920156,10.51770888487498,0.8789802896398663,3000,0.12542510897159553
cold_start,crossverse_ranker,heavy,0.006155851229380641,0.0039904988626997505,0.022549019607843137,0.011378749246396305,0.0057311867754035965,0.04215686274509804,0.02341447326709475,0.008855126077253576,0.07745098039215687,0.0016325863678804855,0.4948034861508538,10.529965413785447,0.8821648555956764,1020,
cold_start,crossverse_ranker,sparse,0.00909090909090909,0.0037869002360757633,0.00909090909090909,0.017272727272727273,0.005791152941196288,0.017272727272727273,0.031818181818181815,0.008650597753126063,0.031818181818181815,0.0022561327561327563,0.4903265994245356,10.49937830578197,0.8777219600986756,1100,
cold_start,crossverse_ranker,bridge,0.00734978455786839,0.0040342926877245736,0.015968063872255488,0.013304331230977936,0.00574521814218385,0.027445109780439122,0.023642624810126762,0.008098572390111579,0.04740518962075848,0.0020546209168963657,0.5011321463865672,10.477472021194275,0.8798632933161293,2004,
cold_start,crossverse_ranker,medium,0.014204545454545454,0.008196775984610332,0.020454545454545454,0.02159090909090909,0.010288301198175356,0.03068181818181818,0.033522727272727273,0.012870120513707955,0.04772727272727273,0.005355113636363637,0.4994542517445304,10.526415677504106,0.8768620001175745,880,
cold_start,crossverse_ranker+diversity,all,0.008207804232804233,0.004601303165243449,0.014333333333333333,0.011731593406593407,0.005646574011130673,0.022333333333333334,0.019055557546318415,0.007237343854883324,0.035333333333333335,0.0027505284706475183,0.5139345765312513,10.665606524149577,0.8696277465092329,3000,0.130454567227092
cold_start,crossverse_ranker+diversity,heavy,0.005022953625894802,0.0032498092274033195,0.018627450980392157,0.008034098254686489,0.004287545237389335,0.03235294117647059,0.01192811043034828,0.005411668243460295,0.05,0.0012702284617550723,0.5127201041170195,10.668481888490565,0.872715697780082,1020,
cold_start,crossverse_ranker+diversity,sparse,0.00909090909090909,0.0038414770450245117,0.00909090909090909,0.011818181818181818,0.004547109935240088,0.011818181818181818,0.02409090909090909,0.006950114953428316,0.024545454545454544,0.0023192640692640694,0.5115573330359026,10.664024817726828,0.8677135230348174,1100,
cold_start,crossverse_ranker+diversity,bridge,0.00621871336691696,0.003430283179503208,0.012974051896207584,0.00946873042681426,0.004407733752616822,0.020958083832335328,0.01971137084274939,0.006645131210723209,0.03942115768463074,0.0017617401251917933,0.5210304814362954,10.628780949853375,0.870142371592886,2004,
cold_start,crossverse_ranker+diversity,medium,0.010795454545454546,0.00711759015255909,0.015909090909090907,0.015909090909090907,0.008596142002830452,0.023863636363636365,0.021022727272727273,0.009712503985851505,0.031818181818181815,0.005005411255411255,0.518313814835115,10.664250848510049,0.8684413096064955,880,
movie_to_game,popularity,all,0.03909736083388778,0.030727889700837254,0.13293413173652693,0.058441884070487546,0.037727738968739884,0.1996007984031936,0.10900150401415307,0.052167733945761435,0.3221556886227545,0.01560393008389872,0.623986005783081,7.275946140289307,0.9997652863267312,2505,0.00023949801216649903
movie_to_game,popularity,heavy,0.03708256429186662,0.03300687589417181,0.15658914728682172,0.047069238544326736,0.03630359646981247,0.2124031007751938,0.08602515201578136,0.04817749589163021,0.3271317829457364,0.0160594051574118,0.623986005783081,7.275946140289307,0.9997652863267312,645,
movie_to_game,popularity,bridge,0.03909736083388778,0.030727889700837254,0.13293413173652693,0.058441884070487546,0.037727738968739884,0.1996007984031936,0.10900150401415307,0.052167733945761435,0.3221556886227545,0.01560393008389872,0.623986005783081,7.275946140289307,0.9997652863267312,2505,
movie_to_game,popularity,sparse,0.04149625413973827,0.031142649135125256,0.12491559756920999,0.06503174810608181,0.0398336058951191,0.19581363943281566,0.11762924556642773,0.05434225766956587,0.312626603646185,0.016474863259130647,0.623986005783081,7.275946140289307,0.9997652863267311,1481,
movie_to_game,popularity,medium,0.033152196674624115,0.02522866854811611,0.12401055408970976,0.05204549285058936,0.0319224170527519,0.19261213720316622,0.11438952987175457,0.05046122711188356,0.35092348284960423,0.011425477696208943,0.623986005783081,7.275946140289307,0.9997652863267311,379,
movie_to_game,item_knn,all,0.005952539365713019,0.005137552779843522,0.02594810379241517,0.008112513398520331,0.005910414883843733,0.038722554890219564,0.013965249826062225,0.0077446423570044194,0.06467065868263473,0.002484127864201051,0.7522194583021,13.368068113346062,0.5223345324296441,2505,0.05151602241701394
movie_to_game,item_knn,heavy,0.007558139534883721,0.007949916795403708,0.043410852713178294,0.013002866846196098,0.009949030762551452,0.08062015503875969,0.021159103839468278,0.01274289644979695,0.13333333333333333,0.003852574750830565,0.7427720903426178,12.823586815826653,0.6368086106981683,645,
movie_to_game,item_knn,bridge,0.005952539365713019,0.005137552779843522,0.02594810379241517,0.008112513398520331,0.005910414883843733,0.038722554890219564,0.013965249826062225,0.0077446423570044194,0.06467065868263473,0.002484127864201051,0.7522194583021,13.368068113346062,0.5223345324296441,2505,
movie_to_game,item_knn,sparse,0.005191687298371971,0.0039665927725047795,0.01688048615800135,0.006171693300322604,0.004285921281574541,0.02025658338960162,0.011537232555125869,0.0058814726651472615,0.03713706954760297,0.00206446559417525,0.7561003962615951,13.685024173254906,0.46035143043168913,1481,
movie_to_game,item_knn,medium,0.006193198475520375,0.004927043494440776,0.0316622691292876,0.007373929207702294,0.005385263916018383,0.0395778364116095,0.01121025705458423,0.006518997037187182,0.055408970976253295,0.0017951346716738095,0.7531320789244056,13.056138066314455,0.5697255445029245,379,
movie_to_game,als_joint,all,0.028088743148623387,0.020585643341864957,0.09820359281437126,0.04441091790844298,0.02624749420490188,0.15528942115768463,0.08366266412559059,0.037768549626087354,0.26147704590818366,0.009781880683078288,0.6958605404623492,8.55473286919965,0.9951328612384599,2505,0.00984336830004311
movie_to_game,als_joint,heavy,0.027706410729666543,0.023121813524520415,0.11937984496124031,0.04285085325711001,0.0281151697907376,0.19069767441860466,0.0704465267446292,0.03744712464578142,0.2868217054263566,0.010565629998769534,0.6960770119992338,8.569364027274672,0.9949382832259931,645,
movie_to_game,als_joint,bridge,0.028088743148623387,0.020585643341864957,0.09820359281437126,0.04441091790844298,0.02624749420490188,0.15528942115768463,0.08366266412559059,0.037768549626087354,0.26147704590818366,0.009781880683078288,0.6958605404623492,8.55473286919965,0.9951328612384599,2505,
movie_to_game,als_joint,sparse,0.030437928040899006,0.02141399934143679,0.09520594193112762,0.047398183707612944,0.027361435135599188,0.14652261985145174,0.0901742154416286,0.039292582720887044,0.25050641458474004,0.010597263307003347,0.6952299055901836,8.551435976073519,0.9951771238568973,1481,
movie_to_game,als_joint,medium,0.019559618042467645,0.013032543069625774,0.07387862796833773,0.03539271487820301,0.018716102987944766,0.12928759894459102,0.08070963275795937,0.03236017521684987,0.2612137203166227,0.00526182797950608,0.6979564404739239,8.542715987303641,0.9952910403417207,379,
movie_to_game,content,all,0.004402306498114882,0.002913583831529671,0.015968063872255488,0.00804832780880685,0.004209771843500373,0.02874251497005988,0.01707383873954063,0.006799030599624545,0.06107784431137724,0.0012844971432795782,0.5063961849955028,13.478643294770322,0.5413410995650545,2505,0.058940460794175406
movie_to_game,content,heavy,0.0056244616709732985,0.004507111759142869,0.02635658914728682,0.007609259818562145,0.005293247472208415,0.040310077519379844,0.016672502188135117,0.00809900857690364,0.08372093023255814,0.002100836717115787,0.5216255432875582,13.518175584955733,0.5350934296695387,645,
movie_to_game,content,bridge,0.004402306498114882,0.002913583831529671,0.015968063872255488,0.00804832780880685,0.004209771843500373,0.02874251497005988,0.01707383873954063,0.006799030599624545,0.06107784431137724,0.0012844971432795782,0.5063961849955028,13.478643294770322,0.5413410995650545,2505,
movie_to_game,content,sparse,0.003916272788656312,0.00225677267141655,0.012153950033760972,0.008014689564318193,0.0037036781134589724,0.024307900067521943,0.01733463025833046,0.006266861623080195,0.05266711681296422,0.0009365767088589505,0.4973351195967737,13.451989070858849,0.5452907814036999,1481,
movie_to_game,content,medium,0.004221635883905013,0.0027682324194373735,0.013192612137203167,0.008927000879507476,0.004343500164541609,0.026385224274406333,0.016737769706107436,0.0066661980374007074,0.055408970976253295,0.0012547639988273233,0.5158856355420518,13.51552081045186,0.536539696608785,379,
movie_to_game,copref,all,0.02326014637391883,0.0183258975386676,0.08263473053892216,0.03577536817377569,0.022784997328097262,0.1313373253493014,0.05871934887026298,0.02989683383924962,0.19401197604790418,0.009140913939317133,0.7061626534975931,11.15701512776449,0.7625128542044118,2505,0.024692245054366048
movie_to_game,copref,heavy,0.035731512243140154,0.029547344952110095,0.14418604651162792,0.05057461179338203,0.03515944085093232,0.22170542635658916,0.08580619731685021,0.046693758157483285,0.3271317829457364,0.014089916328288422,0.6806873135788496,10.120039879998496,0.9056047404661263,645,
movie_to_game,copref,bridge,0.02326014637391883,0.0183258975386676,0.08263473053892216,0.03577536817377569,0.022784997328097262,0.1313373253493014,0.05871934887026298,0.02989683383924962,0.19401197604790418,0.009140913939317133,0.7061626534975931,11.15701512776449,0.7625128542044118,2505,
movie_to_game,copref,sparse,0.019368080340396342,0.014442710410604706,0.05806887238352464,0.030973041976140044,0.018452923728982374,0.09520594193112762,0.04858648439158428,0.02367804863392899,0.13841998649561107,0.007649957962528297,0.717945817231649,11.689913062933407,0.6876278185495669,1481,
movie_to_game,copref,medium,0.017244628722201283,0.014402854148141877,0.07387862796833773,0.0293551385274757,0.01865382299580317,0.11873350923482849,0.05221738328945661,0.025611885828218307,0.18469656992084432,0.0065446059201556125,0.7034732834644871,10.839408776376366,0.8116169997611914,379,
movie_to_game,two_tower,all,0.0359904001520768,0.027016658392360837,0.1249500998003992,0.05496931234621488,0.0339176694517106,0.18363273453093812,0.10967576686111705,0.049873568455857435,0.3137724550898204,0.013098767317971766,0.6755530205791344,9.524669866124075,0.9646588049202769,2505,0.036810844469990896
movie_to_game,two_tower,heavy,0.04412882982650425,0.03776066392465677,0.17829457364341086,0.06259077515125468,0.044396658562233474,0.24186046511627907,0.12762355767987177,0.06488732811841372,0.4077519379844961,0.01853299700586522,0.6812884334445923,9.043876523010491,0.9803257250975979,645,
movie_to_game,two_tower,bridge,0.0359904001520768,0.027016658392360837,0.1249500998003992,0.05496931234621488,0.0339176694517106,0.18363273453093812,0.10967576686111705,0.049873568455857435,0.3137724550898204,0.013098767317971766,0.6755530205791344,9.524669866124075,0.9646588049202769,2505,
movie_to_game,two_tower,sparse,0.03426551129116963,0.023878765983141672,0.10735989196488858,0.05140247066310537,0.0301937497698143,0.1586765698852127,0.10282627430435146,0.04448343912245871,0.27481431465226197,0.011675833548964638,0.6711347028663398,9.800755222289647,0.9554270182836127,1481,
movie_to_game,two_tower,medium,0.02888030322067261,0.020993795832262453,0.10290237467018469,0.055936724017546124,0.030635814762003857,0.1820580474934037,0.10589680485181109,0.045385195264339484,0.30606860158311344,0.009410869595566166,0.6830574723850139,9.264061142712595,0.9740707112382931,379,
movie_to_game,rrf_fusion,all,0.019619491176377405,0.015238681855977371,0.07305389221556886,0.03247544778726996,0.019554369985612784,0.11816367265469062,0.07083638855261144,0.03072413888115627,0.23832335329341317,0.00726522773299458,0.7540885575041324,11.807594365559652,0.6317613578915983,2505,0.013962734109306893
movie_to_game,rrf_fusion,heavy,0.026484557647348344,0.023114758889969417,0.11782945736434108,0.040457738529233955,0.027619054240478787,0.1875968992248062,0.0793769451692829,0.039696962862302655,0.32868217054263565,0.010755203114837667,0.7469393306000288,11.038948718521945,0.7078986071093253,645,
movie_to_game,rrf_fusion,bridge,0.019619491176377405,0.015238681855977371,0.07305389221556886,0.03247544778726996,0.019554369985612784,0.11816367265469062,0.07083638855261144,0.03072413888115627,0.23832335329341317,0.00726522773299458,0.7540885575041324,11.807594365559652,0.6317613578915983,2505,
movie_to_game,rrf_fusion,sparse,0.01773630001178955,0.01224533042654048,0.05671843349088454,0.031795550836739225,0.017059316080236902,0.09655638082376772,0.06954365527408385,0.027702398933377923,0.20729237002025658,0.005931819210290963,0.7555938744609377,12.109116853048155,0.6030753607357425,1481,
movie_to_game,rrf_fusion,medium,0.015295053817481256,0.013531778901020017,0.06068601583113457,0.02154761099352128,0.015579313229605147,0.08443271767810026,0.061353219602073926,0.027261672904428862,0.20580474934036938,0.006536319819631164,0.7603731932300376,11.937466762311226,0.6142822973174252,379,
movie_to_game,crossverse_ranker,all,0.04489259576085924,0.03339004658889347,0.15409181636726546,0.07175713149990601,0.04296834630171621,0.23832335329341317,0.1347172973154474,0.06156626728506149,0.3836327345309381,0.016375243026167368,0.6386125102966369,8.2883566546107,0.9917947067568214,2505,0.01992623461225272
movie_to_game,crossverse_ranker,heavy,0.05028915959148517,0.0417985070275982,0.20930232558139536,0.07809540918944043,0.05216357453042986,0.3178294573643411,0.13155665298104371,0.06920151378536947,0.4449612403100775,0.019835193192982045,0.6284172350122023,8.379898970995763,0.9902713725996943,645,
movie_to_game,crossverse_ranker,bridge,0.04489259576085924,0.03339004658889347,0.15409181636726546,0.07175713149990601,0.04296834630171621,0.23832335329341317,0.1347172973154474,0.06156626728506149,0.3836327345309381,0.016375243026167368,0.6386125102966369,8.2883566546107,0.9917947067568214,2505,
movie_to_game,crossverse_ranker,sparse,0.04535733041810017,0.03228594624033168,0.13841998649561107,0.07187626687964298,0.04150758953586275,0.20931802835921676,0.1382210377622633,0.060450621457975334,0.36056718433490886,0.01640174202449129,0.6423470823850123,8.242672674242183,0.9923527374979246,1481,
movie_to_game,crossverse_ranker,medium,0.03389244880010051,0.023394573325715245,0.12137203166226913,0.06050481327526182,0.0330276037231112,0.21635883905013192,0.1264048329195531,0.05293180152573684,0.36939313984168864,0.010383388477056022,0.6413699015778414,8.311082725474577,0.9922065985873575,379,
movie_to_game,crossverse_ranker+diversity,all,0.04310014890853214,0.032382821265054436,0.15129740518962076,0.06722679685004262,0.041025613428174186,0.2279441117764471,0.12306667312364991,0.057525742030461874,0.36447105788423156,0.015878093271758324,0.6872283688800301,8.332203849822937,0.9916000853417348,2505,0.019183790774536573
movie_to_game,crossverse_ranker+diversity,heavy,0.047654115909929864,0.04031844164184929,0.20310077519379846,0.07281954873232142,0.04971591171085073,0.2992248062015504,0.12570854402508158,0.06637262955468157,0.4356589147286822,0.019164370284433036,0.6714543735334115,8.396668413443159,0.9905876400841642,645,
movie_to_game,crossverse_ranker+diversity,bridge,0.04310014890853214,0.032382821265054436,0.15129740518962076,0.06722679685004262,0.041025613428174186,0.2279441117764471,0.12306667312364991,0.057525742030461874,0.36447105788423156,0.015878093271758324,0.6872283688800301,8.332203849822937,0.9916000853417348,2505,
movie_to_game,crossverse_ranker+diversity,sparse,0.042859822299390164,0.030891671585771066,0.13301823092505063,0.06674370211924328,0.039399170974618314,0.2025658338960162,0.1233874035516824,0.05560136771257418,0.33355840648210666,0.01573886215400958,0.6933700216935342,8.300663061032498,0.9919859021722117,1481,
movie_to_game,crossverse_ranker+diversity,medium,0.036289106671692425,0.024704503407497698,0.1345646437994723,0.05959655498261247,0.03259162630783082,0.20580474934036938,0.11731731033911287,0.04998947794515841,0.3641160949868074,0.010829419425348562,0.6900738548477595,8.3457454452414,0.9918154744319637,379,
game_to_movie,popularity,all,0.024668757722649943,0.0212438366527692,0.11497005988023952,0.03603553921632934,0.02505851610379839,0.17285429141716566,0.06518995405422172,0.034440270359769584,0.2754491017964072,0.009729418587868355,0.7469115257263184,7.353701591491699,0.9997676813642135,2505,0.00023949801216649903
game_to_movie,popularity,sparse,0.023138950208486633,0.019556118431925312,0.1032008830022075,0.034407501126408106,0.023487038869134363,0.15838852097130243,0.06357437619300416,0.03274307050118658,0.2544150110375276,0.009201991134938154,0.7469115257263184,7.353701591491699,0.9997676813642133,1812,
game_to_movie,popularity,bridge,0.024668757722649943,0.0212438366527692,0.11497005988023952,0.03603553921632934,0.02505851610379839,0.17285429141716566,0.06518995405422172,0.034440270359769584,0.2754491017964072,0.009729418587868355,0.7469115257263184,7.353701591491699,0.9997676813642135,2505,
game_to_movie,popularity,heavy,0.031920507255627895,0.03192238425562991,0.16890080428954424,0.04576701432792536,0.035760028958713684,0.24664879356568364,0.07655303265476886,0.04571575496086718,0.3780160857908847,0.014613511922493156,0.7469115257263184,7.353701591491699,0.9997676813642133,373,
game_to_movie,popularity,medium,0.024878472222222222,0.01835335902871318,0.11875,0.03391105422355422,0.021483055023572804,0.16875,0.061093075199603275,0.030907677820841483,0.275,0.00702295524691358,0.7469115257263184,7.353701591491699,0.9997676813642133,320,
game_to_movie,item_knn,all,0.009915248867344675,0.007634316517094547,0.045109780439121755,0.015394056509163754,0.009652664940088103,0.07944111776447106,0.02768688750957984,0.013592630996181443,0.14291417165668663,0.0032017015352012023,0.7823164694799396,11.748728104932104,0.7953547899052564,2505,0.09915217703693059
game_to_movie,item_knn,sparse,0.00919005571323452,0.006422931138601935,0.03863134657836645,0.014186175979842558,0.00820261659360296,0.06456953642384106,0.02623915927591664,0.011938157762307673,0.11810154525386314,0.002529718105049231,0.7797719638868673,11.508205554343217,0.8192680170659903,1812,
game_to_movie,item_knn,bridge,0.009915248867344675,0.007634316517094547,0.045109780439121755,0.015394056509163754,0.009652664940088103,0.07944111776447106,0.02768688750957984,0.013592630996181443,0.14291417165668663,0.0032017015352012023,0.7823164694799396,11.748728104932104,0.7953547899052564,2505,
game_to_movie,item_knn,heavy,0.01174730839610196,0.009083540002181936,0.07506702412868632,0.015328514787549144,0.01078345324886379,0.13136729222520108,0.03209398456427034,0.01677675544611943,0.2546916890080429,0.002850931008884539,0.7897641513366801,12.616777583677072,0.7028042614202031,373,
game_to_movie,item_knn,medium,0.011886160714285712,0.012804535098003972,0.046875,0.022310077075702074,0.016545488579643563,0.103125,0.03074762612832411,0.0192495906210327,0.153125,0.007415674603174603,0.7880435282364487,12.098866873979569,0.7678253508729911,320,
game_to_movie,als_joint,all,0.019879764280961887,0.01689831490234371,0.08702594810379241,0.02948445023457537,0.020354929909492038,0.14211576846307386,0.05271722774325281,0.02774600327633813,0.24111776447105787,0.00808706660752569,0.7258230388759377,8.570228501470265,0.9953827712094312,2505,0.012980792259424247
game_to_movie,als_joint,sparse,0.01746491643014822,0.01410782718205201,0.06898454746136866,0.027432615995447884,0.017935106241922575,0.11865342163355408,0.04778886675669446,0.024094953947615568,0.20364238410596028,0.00708909299554995,0.724968447853661,8.570238161823871,0.9953919333445735,1812,
game_to_movie,als_joint,bridge,0.019879764280961887,0.01689831490234371,0.08702594810379241,0.02948445023457537,0.020354929909492038,0.14211576846307386,0.05271722774325281,0.02774600327633813,0.24111776447105787,0.00808706660752569,0.7258230388759377,8.570228501470265,0.9953827712094312,2505,
game_to_movie,als_joint,heavy,0.032241797523298865,0.028747883901617508,0.16890080428954424,0.03673086214161837,0.029054871089002034,0.2359249329758713,0.06919621693660419,0.040394425172942866,0.3780160857908847,0.01149160602578833,0.7289891831037506,8.575665658025256,0.9954064208450708,373,
game_to_movie,als_joint,medium,0.019144345238095238,0.018887297753716965,0.09375,0.03265636273448773,0.023916312489737756,0.165625,0.061415750051139306,0.03367675332699976,0.29375,0.009769675925925925,0.7269716236740351,8.563836114108563,0.9953033240126459,320,
game_to_movie,content,all,0.0036081804644678894,0.0026992133403311975,0.01716566866267465,0.0075368936484321815,0.004357243650908423,0.03912175648702595,0.013198750656606854,0.006249636876491476,0.07145708582834331,0.0011417376886438762,0.4957269050641926,13.40308260089623,0.5450844762227515,2505,0.09139244144273602
game_to_movie,content,sparse,0.004159658712638845,0.0032230098160302093,0.018211920529801324,0.00740868333753998,0.004505951756275896,0.03421633554083885,0.013010304957286408,0.006201111455065979,0.05905077262693157,0.0014552746533982737,0.48380604744878564,13.424802342787483,0.5414343599267615,1812,
game_to_movie,content,bridge,0.0036081804644678894,0.0026992133403311975,0.01716566866267465,0.0075368936484321815,0.004357243650908423,0.03912175648702595,0.013198750656606854,0.006249636876491476,0.07145708582834331,0.0011417376886438762,0.4957269050641926,13.40308260089623,0.5450844762227515,2505,
game_to_movie,content,heavy,0.0030384271671134943,0.0017815830888536362,0.01876675603217158,0.008609385221491897,0.004547684491689238,0.058981233243967826,0.015656703763940717,0.007551143398261179,0.1260053619302949,0.00044384867441167705,0.5440813744036186,13.349044833042667,0.5536405308147898,373,
game_to_movie,content,medium,0.0011495535714285716,0.0008028285585640768,0.009375,0.0070127615440115434,0.003293201399229965,0.04375,0.011400772838272838,0.005007343535875545,0.078125,0.00017981150793650792,0.5068655829876662,13.343082335591316,0.5557801086149499,320,
game_to_movie,copref,all,0.0203716376770269,0.017348551218372997,0.0846307385229541,0.025240243891038277,0.01902456836735436,0.1217564870259481,0.045928938440823706,0.025557253623758915,0.2087824351297405,0.008354857304790773,0.7393684034338016,9.900459200274682,0.9408935918310196,2505,0.03415241653494276
game_to_movie,copref,sparse,0.015952512351518972,0.01277478085239294,0.06456953642384106,0.020491195100481998,0.014292695531304687,0.08995584988962473,0.04007134207795183,0.020309376819384384,0.17218543046357615,0.005995403220154875,0.7420634725038578,9.89264369353027,0.9416992058679581,1812,
game_to_movie,copref,bridge,0.0203716376770269,0.017348551218372997,0.0846307385229541,0.025240243891038277,0.01902456836735436,0.1217564870259481,0.045928938440823706,0.025557253623758915,0.2087824351297405,0.008354857304790773,0.7393684034338016,9.900459200274682,0.9408935918310196,2505,
game_to_movie,copref,heavy,0.03828354398059492,0.03542404004534822,0.1769436997319035,0.045126686485657756,0.037889957548833626,0.2734584450402145,0.07247031167177644,0.04725251289277854,0.3806970509383378,0.016577909934701714,0.7262432933173295,9.834589313885482,0.9419407598715516,373,
game_to_movie,copref,medium,0.024516369047619047,0.02217828425179207,0.090625,0.028951598018209863,0.02382882903682389,0.125,0.04816028967325646,0.029984819443078663,0.215625,0.012130270337301588,0.739406531304121,10.021494093537331,0.9351111970996098,320,
game_to_movie,two_tower,all,0.021990780344073757,0.01926231003892405,0.09700598802395209,0.03245884472803699,0.022602278026029755,0.14491017964071856,0.059070018393634974,0.030807976920016255,0.24431137724550897,0.009010353442774316,0.6907168440476149,9.742809532264511,0.9560206935062886,2505,0.04682186137855056
game_to_movie,two_tower,sparse,0.018253311258278147,0.014429906205912618,0.076158940397351,0.027914487762533812,0.01748619368322409,0.11644591611479028,0.05534175520317564,0.025802783733180013,0.2130242825607064,0.006575238416435989,0.6911107369145547,9.90199061840049,0.9494680042818829,1812,
game_to_movie,two_tower,bridge,0.021990780344073757,0.01926231003892405,0.09700598802395209,0.03245884472803699,0.022602278026029755,0.14491017964071856,0.059070018393634974,0.030807976920016255,0.24431137724550897,0.009010353442774316,0.6907168440476149,9.742809532264511,0.9560206935062886,2505,
game_to_movie,two_tower,heavy,0.04243478445891315,0.042004250337053725,0.2064343163538874,0.05524334847619403,0.045741015223909484,0.2761394101876676,0.08154018080782952,0.054109688434163604,0.40482573726541554,0.019839762684936948,0.6957279534825691,9.151363923786153,0.9793010330316765,373,
game_to_movie,two_tower,medium,0.019324156746031745,0.020117222583343856,0.0875,0.0316330788637532,0.02460101507088822,0.153125,0.05398952564556543,0.03198882585679847,0.234375,0.010176162131519274,0.6826453512534499,9.530850419402123,0.9659891504802051,320,
game_to_movie,rrf_fusion,all,0.024181003073218642,0.020677613043989587,0.10538922155688622,0.03411039533349094,0.023966926169918475,0.1528942115768463,0.05797744615987766,0.03140283575637924,0.249500998003992,0.009765757851895103,0.74777823286856,8.737297824280942,0.9822159728157033,2505,0.010992958758442304
game_to_movie,rrf_fusion,sparse,0.020095965170468483,0.016281159470931554,0.08333333333333333,0.02815472918655007,0.018811498546004946,0.11754966887417219,0.05143867092429801,0.02603836660031711,0.21026490066225165,0.007791172147053572,0.7495973588154542,8.786557539672515,0.9809472494844986,1812,
game_to_movie,rrf_fusion,bridge,0.024181003073218642,0.020677613043989587,0.10538922155688622,0.03411039533349094,0.023966926169918475,0.1528942115768463,0.05797744615987766,0.03140283575637924,0.249500998003992,0.009765757851895103,0.74777823286856,8.737297824280942,0.9822159728157033,2505,
game_to_movie,rrf_fusion,heavy,0.041783692923103105,0.0369957405897993,0.20911528150134048,0.06139542934233295,0.04353447838793392,0.30294906166219837,0.0897406240467624,0.05259176973694359,0.4343163538873995,0.015240914507000297,0.7393895699255588,8.51175264506813,0.987718639472311,373,
game_to_movie,rrf_fusion,medium,0.02679439484126984,0.02655171398084626,0.109375,0.03603023712398712,0.030351107036204583,0.178125,0.05797930670694741,0.03708079118148573,0.25625,0.014564869929453264,0.7472554674372077,8.721265785396099,0.9829860728570402,320,
game_to_movie,crossverse_ranker,all,0.030428032823242405,0.027053822326502133,0.1341317365269461,0.043808827411977155,0.0315100933284089,0.19920159680638722,0.07930085634891267,0.042494236263019805,0.3209580838323353,0.012684263559049702,0.697367340314412,8.372139357568736,0.9918260334646493,2505,0.02167457010106816
game_to_movie,crossverse_ranker,sparse,0.02598680752654263,0.021713413122918336,0.1153421633554084,0.03919403344052996,0.026240026040281354,0.16997792494481237,0.07533968089886049,0.03731077539137959,0.2902869757174393,0.009838276252574451,0.7031356317318038,8.32169628827514,0.9922004335493678,1812,
game_to_movie,crossverse_ranker,bridge,0.030428032823242405,0.027053822326502133,0.1341317365269461,0.043808827411977155,0.0315100933284089,0.19920159680638722,0.07930085634891267,0.042494236263019805,0.3209580838323353,0.012684263559049702,0.697367340314412,8.372139357568736,0.9918260334646493,2505,
game_to_movie,crossverse_ranker,heavy,0.05359696157283289,0.052388741563309034,0.2359249329758713,0.06752146869418343,0.055610977313827414,0.32707774798927614,0.1069168426014132,0.06768833166695534,0.4772117962466488,0.02528546807462931,0.6812524343303956,8.473894238152388,0.9914353523841763,373,
game_to_movie,crossverse_ranker,medium,0.02857018849206349,0.027762874206392323,0.121875,0.042300050780725115,0.033259256451927684,0.215625,0.06954112835926218,0.04247871599347012,0.3125,0.014111387668493323,0.6834883274510503,8.539165204763412,0.9901613806193567,320,
game_to_movie,crossverse_ranker+diversity,all,0.02993251592053987,0.026543920953208622,0.13373253493013973,0.04280196779951141,0.03082542309546321,0.19600798403193612,0.08005720209672726,0.04241355189870444,0.32934131736526945,0.012367950983897662,0.7182534329905481,8.324783359649414,0.992423009703535,2505,0.020980025865785314
game_to_movie,crossverse_ranker+diversity,sparse,0.025239584428326148,0.021244914276448985,0.11258278145695365,0.03810672216104012,0.025717652092079945,0.16942604856512142,0.076410463297218,0.037404941901001486,0.2969094922737307,0.009649800961591407,0.7240246629741282,8.27048787218056,0.9929041212039119,1812,
game_to_movie,crossverse_ranker+diversity,bridge,0.02993251592053987,0.026543920953208622,0.13373253493013973,0.04280196779951141,0.03082542309546321,0.19600798403193612,0.08005720209672726,0.04241355189870444,0.32934131736526945,0.012367950983897662,0.7182534329905481,8.324783359649414,0.992423009703535,2505,
game_to_movie,crossverse_ranker+diversity,heavy,0.051218136941997526,0.050637506202153126,0.23324396782841822,0.06767642618828303,0.05488917845394392,0.32171581769436997,0.10225958347204946,0.06593067520408638,0.48525469168900803,0.02438454321257845,0.7006416790606829,8.443015947418623,0.9915039352135299,373,
game_to_movie,crossverse_ranker+diversity,medium,0.03169518849206349,0.02846546095455914,0.1375,0.04039450566794317,0.03169886156239191,0.2,0.07482720975833856,0.04336265915786154,0.33125,0.013752635168650796,0.7061025438830256,8.494416697323322,0.9907700120350634,320,
