task,model,baseline,n,ndcg@10 model,ndcg@10 baseline,lift_abs,lift_rel,ci95_low,ci95_high,significant
within_movie,crossverse_ranker+diversity,popularity,3000,0.040311460330853505,0.008637356243372111,0.031674104087481385,3.667106368547269,0.026340268509783146,0.037003173613418865,True
within_game,crossverse_ranker+diversity,popularity,3000,0.05436808174927862,0.019546919842651556,0.034821161906627054,1.7814142681777907,0.027995721879613904,0.041726751087320546,True
mixed,crossverse_ranker+diversity,popularity,3000,0.03790097398317103,0.007047764834082935,0.030853209149088092,4.377729659747189,0.02568607861843417,0.03584118053775444,True
cold_start,crossverse_ranker+diversity,popularity,3000,0.0044164702215220815,0.00838465871466365,-0.003968188493141566,-0.4732677415005257,-0.006772892688692648,-0.0011183714557189773,True
movie_to_game,crossverse_ranker+diversity,popularity,2505,0.031803309511942233,0.03068133840957044,0.0011219711023717836,0.03656851886297786,-0.0023606285100812013,0.004799143904059519,False
game_to_movie,crossverse_ranker+diversity,popularity,2505,0.029172749199235848,0.02132475072417269,0.007847998475063156,0.3680229877748137,0.004488612482578889,0.011151334991136429,True
within_movie,crossverse_ranker+diversity,rrf_fusion,3000,0.040311460330853505,0.03280595249229121,0.007505507838562295,0.22878493896270655,0.0030244708636421743,0.011764657196376973,True
within_game,crossverse_ranker+diversity,rrf_fusion,3000,0.05436808174927862,0.05784717868389157,-0.00347909693461295,-0.06014289743713565,-0.008418769118199948,0.0013116363207504988,False
mixed,crossverse_ranker+diversity,rrf_fusion,3000,0.03790097398317103,0.03538339034332663,0.002517583639844398,0.07115156618447724,-0.0013901605524036355,0.006402752769289671,False
cold_start,crossverse_ranker+diversity,rrf_fusion,3000,0.0044164702215220815,0.004115063845344777,0.0003014063761773047,0.07324464151832658,-0.0010959711608493404,0.0016912109744041642,False
movie_to_game,crossverse_ranker+diversity,rrf_fusion,2505,0.031803309511942233,0.014178133914239976,0.017625175597702256,1.2431237921938516,0.014226571340162145,0.020996377846260326,True
game_to_movie,crossverse_ranker+diversity,rrf_fusion,2505,0.029172749199235848,0.02380436123425047,0.005368387964985376,0.2255211938752286,0.0025638850174779402,0.008135175228346283,True
